Product_name,Quantity,Category,Subcategory,Subcategory2,Subcategory3,
Dasani Purified Water 16.9 FL OZ (1.06 PT) 500 mL,17642,Beverage,Water,,All,
Dasani - 20 oz,13129,Beverage,Water,,All,
12 oz. Coffee/Tea,8445,Beverage,Coffee/Tea,,All,
Pure Life Purified Water (16.9 fl. Oz),7478,Beverage,Water,,All,
Smart Water 23.7 fl oz,6746,Beverage,Water,,All,
16 oz. Coffee/Tea,4075,Beverage,Coffee/Tea,,All,
Quesadillas - Chicken,3871,Food,Quesadilla,Chicken,Lunch/Dinner,
Chicken Fingers and Fries,3580,Food,,Chicken,,
Diet Coke 16.9oz.,3393,Beverage,Coke,Healthy,All,
Pure Life Purified Water 16.9oz,3233,Beverage,Water,,All,
Coke,3079,Beverage,Coke,,All,
Glaceau Smart Water 1L,2668,Beverage,Water,,All,
Fiji Natural Artesian Water 500 ml/16.9oz,2662,Beverage,Water,,All,
Lunch Special,2209,Food,Meal,Special,Lunch,
Diet Coke,2177,Beverage,Coke,Healthy,All,
water,1992,Beverage,Water,,All,
Egg Salad Bagel,1989,Food,Salad,Egg,Breakfast,
Jedediah’s Turkey Swiss on Wheat,1950,Food,Sandwich,Turkey,Lunch,
Hamburger,1810,Food,Burger,Beef,Lunch/Dinner,
Quesadillas - SW,1516,Food,Quesadilla,,Lunch/Dinner,
s,1506,,,,,
Breakfast Burrito,1461,Food,Burrito,Egg/Meat,Breakfast,
BBQ Pulled Pork,1351,Food,Sandwich,Pork,Lunch/Dinner,
Coke (16.9 fl. Oz),1255,Beverage,Coke,,All,
Grilled Chicken Sandwich,1209,Food,Sandwich,Chicken,All,
Uncrustable - Peanut Butter and Grape,1200,Food,Snack,,All,
Pure Leaf Sweet Tea 16.9oz.,1198,Beverage,Tea,,All,
Latte 12oz - HOT,1108,Beverage,Coffee,,Breakfast,
Philly Cheesestake,1092,Food,Sandwich,Beef,Lunch/Dinner,
BBQ Brisket Sandwich,1081,Food,Sandwich,Beef,Lunch/Dinner,
Bagel Breakfast Sandwich,1078,Food,Sandwich,Egg,Breakfast,
Southwest Chicken Salad,1073,Food,Salad,Chicken,Lunch/Dinner,
Sausage Biscuit Sandwich,1068,Food,Sandwich,Pork,Breakfast,
Pure Leaf UnSweet Tea 16.9oz.,1063,Beverage,Tea,,All,
a,1048,,,,,
Snyders of Hanover Mini Pretzels 1.5oz.,983,Food,Snack,,All,
Uncrustable - Peanut Butter and Strawberry,957,Food,Snack,,All,
MilkyWay Candy Bar 1.84oz.,949,Food,Snack,Candy,All,
Lays Classic Potato Chip,915,Food,Snack,Chips,All,
French Fries,897,Food,Side,,Lunch/Dinner,
Diet Dr. Pepper,869,Beverage,Soda,Healthy,All,
chips,868,Food,Snack,Chips,All,
Turkey Cranberry Wrap,862,Food,Wrap,Turkey,Lunch,
Parfait,862,Food,Snack,,Breakfast,
vitaminwater XXX Acai-Blueberry-Pomegranate,834,Beverage,Flavored Water,,All,
Miss Vickies Sea Salt & Vinegar Chips,832,Food,Snack,Chips,All,
Reeses 2 Peanut Butter Cups 1.5oz,827,Food,Snack,Candy,All,
muffin,820,Food,Snack,,Breakfast,
Sm Sticker,776,Home Decor,Sticker,,,
Miss Vickies Jalapeno Chips 1.375oz.,762,Food,Snack,Chips,All,
Breakfast Special,759,Food,Meal,Special,Breakfast,
Dasani Purified Water 16.9 FL OZ (1.06 PT) 500 mL,749,Beverage,Water,,All,
w,740,,,,,
Quesadilla - Black Bean & Corn,739,Food,Quesadilla,,Lunch/Dinner,
sticker,733,Home Decor,Sticker,,,
Latte 16oz - HOT,728,Beverage,Coffee,,Breakfast,
Darigold Chocolate Milk,721,Beverage,Milk,,All,
Simply Orange Juice,720,Beverage,Juice,,Breakfast,
Dr Pepper (16.9 fl. Oz),702,Beverage,Soda,,All,
Babybel,694,Food,Dairy,Cheese,All,
Miss Vickies Smokehouse BBQ,694,Food,Snack,Chips,All,
Sun Chips Harvest Cheddar,693,Food,Snack,Chips,All,
Miss Vickies Sea Salt Original,692,Food,Snack,Chips,All,
Doritos Nacho Cheese,691,Food,Snack,Chips,All,
Smuckers Uncrustables - Peanut Butter & Grape Jel,684,Food,Snack,,All,
Coca-Cola 16.9oz,681,Beverage,Coke,,All,
Club Sandwich on a Stick,670,Food,Sandwich,,Lunch,
Sprite,662,Beverage,Soft Drink,,All,
Veggie Tray,660,Food,Salad,,All,
Smuckers Uncrustables - Peanut Butter & Strawberr,658,Food,Snack,,All,
Simply Orange Juice 100% Pulp Free 11.5 oz.,656,Beverage,Juice,,All,
M&Ms Milk Chocolate,649,Food,Snack,Chocolate,All,
Power C7 -Vitamin Water,646,Beverage,Vitamin Water,,All,
Easy Eggs- 2 Pack Hard Boil Eggs 3.1oz.,637,Food,Snack,Egg,Breakfast,
Roseli String Cheese,623,Food,Dairy,Cheese,All,
Doritos Cool Ranch Chips 1.75oz.,617,Food,Snack,Chips,All,
Fruit Cup,617,Food,Fruit,,All,
M&Ms Peanut,614,Food,Snack,Candy,All,
Cappuccino 12oz - HOT,608,Beverage,Coffee,,Breakfast,
Dr. Pepper,603,Beverage,Soft Drink,,All,
Mediterranean Quinoa Salad,595,Food,Salad,,Lunch/Dinner,
Chicken Caesar Salad,581,Food,Salad,Chicken,Lunch/Dinner,
Flavored Latte 12oz - Hot,580,Beverage,Coffee,,Breakfast,
Jackson Hole Wild Huckleberry Jam 5OZ (142g),573,Food,Condiment,Jam,All,
Snyders Mini Pretzels,569,Food,Snack,,All,
Skittles,568,Food,Snack,Candy,All,
Red Bull 8.4oz,557,Beverage,Energy Drink,,All,
Frigo Cheese Heads String Cheese 1oz.,557,Food,Dairy,Cheese,All,
Sourdough Chocol,546,Food,Snack,Chocolate,All,
Sticker Large,544,Home Decor,Sticker,,All,
Chex Mix Traditional Savory Snack Mix,543,Food,Snack,,All,
Chobani Greek Yogurt - Strawberry,537,Food,Yogurt,,All,
Jedediahs Turkey on Ciabatta,535,Food,Sandwich,Turkey,Lunch,
candy,530,Food,Snack,Candy,All,
coke,520,Beverage,Coke,,All,
Sabra Hummus & Pretzel - Red Pepper,518,Food,Snack,,All,
Mediterranean Platter,513,Food,Salad,,Lunch,
Flavored Latte 16oz - Hot,513,Beverage,Coffee,,Breakfast,
Turkey and Smoked Gouda with Apple Butter Mustard,509,Food,Sandwich,Turkey,Lunch,
Chobani Greek Yogurt - Peach,505,Food,Yogurt,,All,
Cowboy Caviar & Chips,499,Food,Snack,Chips & Dip,All,
Jackson Hole Cowboy Huckleberry Chocolate Bar,499,Food,Snack,Chocolate,All,
Kates Peanut Butter Dark Chocolate,498,Food,Snack,Chocolate,All,
d,495,,,,,
c,488,,,,,
Dr. Pepper 16.9oz.,485,Beverage,Soda,,All,
Jedediah Parfait,478,Food,,,Breakfast,
Monster Cookies,471,Food,Snack,Cookie,All,
Coke Zero Sugar,471,Food,Coke,Healthy,All,
Jedediahs - Parfait,465,Food,,,Breakfast,
Sabra - Hummus/Pretzel Classic 4.56 oz.,462,Food,Snack,,All,
Sabra - Hummus/Pretzel Red Pepper 4.56 oz.,461,Food,Snack,,All,
Dasani,460,Beverage,Water,,All,
Jackson Hole Wild Huckleberry Jam 8OZ (226g),457,Food,Condiment,Jam,All,
Cheez-it White Cheddar Snack Pack 1.5oz,456,Food,Snack,Crackers,All,
Kind Bar Dark Chocolate Nuts & Sea Salt,455,Food,Snack,Chocolate,All,
12 oz. Coffee\Tea,455,Beverage,Coffee/Tea,,Breakfast,
Keebler Crackers - Cheese & Peanut Butter,455,Food,Snack,Crackers,All,
Powerade - Fruit Punch,449,Beverage,Sports Drink,,All,
Snickers Bar,446,Food,Snack,Candy,All,
vitamin water energy tropical citrus,437,Beverage,Vitamin Water,,All,
Avocado Toast,431,Food,Snack,Toast,Breakfast,
Nature Valley Chewy Trail Mix Fruit & Nut Granola,429,Food,Snack,Bar,All,
TGT Magnet,427,Home Decor,Magnet,,All,
Cliff Bar - Crunchy Peanut Butter 2.4oz.,417,Food,Snack,Bar,All,
Ruffles Cheddar & Sour Cream 1.5oz.,417,Food,Snack,Chips,All,
Kates Peanut Butter Milk Chocolate,413,Food,Snack,Chocolate,All,
Dots Homestyle Pretzels,411,Food,Snack,Pretzels,All,
Darigold 2% Milk,410,Beverage,Milk,,All,
Jackson Hole Wild Huckleberry Taffy,407,Food,Snack,Candy,All,
Hersheys Milk Chocolate w/ Almonds,405,Food,Snack,Chocolate,All,
Keebler Crackers - Club & Cheddar,405,Food,Snack,Crackers,All,
Pringles Original 1.3oz,403,Food,Snack,Chips,All,
e,403,,,,,
Planters - Salted Peanuts,402,Food,Snack,Nuts,All,
cookie,400,Food,Snack,Cookie,All,
Naked Juice - Blue Machine,400,Beverage,Juice,,All,
Monster Energy - Zero Ultra,399,Beverage,Energy Drink,,All,
Sabra Hummus & Pretzel - Classic,391,Food,Snack,Pretzels,All,
Pringles Sour Cream & Onion 1.4oz,387,Food,Snack,Chips,All,
San Pellegrino 16.9oz.,387,Beverage,Sparkling Water,,All,
Cheddar Cheese Pringles 1.4oz.,382,Food,Snack,Chips,All,
Tates Bake Shop Tiny Crispy Chocolate Chip Cookie,381,Food,Snack,Cookie,All,
Chefs Line - Cinnamon Coffee Cake 3.5oz.,380,Food,Desert,Cake,All,
Devonshire Premium Belgian Waffle,380,Food,Snack,Waffle,Breakfast,
DariGold 2% Reduced Fat Milk 8 oz.,375,Beverage,Milk,,All,
Sabra Breakfast Avocado Toast,374,Food,Snack,Toast,Breakfast,
BUBBLR Lemon Lime Antioxidant Sparkling Water (12,373,Beverage,Sparkling Water,,All,
coffee,372,Beverage,Coffee,,Breakfast,
Chobani Greek Yogurt - Blueberry,371,Food,Yogurt,,All,
Americano 12oz - HOT,363,Beverage,Coffee,,Breakfast,
Starbursts Original,362,Food,Snack,Candy,All,
Naked Juice - Green Machine,358,Beverage,Juice,,All,
z,358,,,,,
Southwest Chicken Wrap,356,Food,Wrap,Chicken,Lunch,
Reeses Egg PB single,355,Food,Snack,Candy,All,
Emp Dasani,353,Beverage,Water,,All,
Cliff Bar - Chocolate Chip 2.4oz.,352,Food,Snack,Bar,All,
Charcuterie,347,Food,Platter,,Lunch,
Jedediahs Original Trail Mix,344,Food,Snack,Trail Mix,All,
Kit Kat,344,Food,Snack,Chocolate,All,
Sun Chips Garden Salsa 1.5oz.,342,Food,Snack,Chips,All,
Protein Box,341,Food,Protein,Healthy,Lunch,
Zero XXX -Vitamin Water,339,Beverage,Vitamin Water,Healthy,All,
Butter Milk Pancakes,337,Food,Snack,Pancakes,Breakfast,
Oreo- 6 Count Chocolate Sandwich Cookies 2.4oz.,336,Food,Snack,Cookie,All,
Fresh Fruit,333,Food,Fruit,,Breakfast,
Jackson Hole Pop Fine Artisan Popcorn,331,Food,Snack,Popcorn,All,
Creminelli Snack Tray – Sopressata Salami & Monter,330,Food,Snack,Salami,Lunch,
Trident - Original Flavor Sugar Free Gum 14sticks,328,Food,Snack,Gum,All,
Creminelli,327,Food,Snack,,Lunch,
"Peanuts, Large",326,Food,Snack,Nuts,All,
Chefs Line Iced Lemon Loaf Cake,320,Food,Desert,Cake,All,
Ham and Cheddar Croissant,320,Food,Crossiant,Ham,Breakfast,
Trident Tropical Twist Sugar Free Gum 14 pieces,319,Food,Snack,Gum,All,
Chobani Greek Yogurt Strawberry 5.3 oz. Cup,319,Food,Yogurt,,All,
Powerade - Mountain Berry Blast,313,Beverage,Sports Drink,,All,
Kind Bar Beanut Butter Dark Chocolate,311,Food,Snack,Bar,All,
Sweet Potato Waffle Fries,311,Food,Fries,,Lunch,
Club Wrap,309,Food,Wrap,,Lunch,
Metro Deli - Kettle Cooked Chips - Sea Salt & Vine,304,Food,Snack,Chips,All,
Metro Deli - Kettle Cooked Chips - Original Sea Sa,303,Food,Snack,Chips,All,
Naked Juice - Strawberry Banana,302,Beverage,Juice,,All,
cheese,296,Food,Dairy,Cheese,All,
Sourdough Biscuits with Gravy or Jam,294,Food,Biscuits,,Breakfast,
Metro Deli - Kettle Cooked Chips -Hickory Barbeque,294,Food,Snack,Chips,All,
Side of Eggs,292,Food,,Egg,Breakfast,
Turkey Swiss,289,Food,Sandwich,,Lunch,
Bubblr Twisted Elixr 12oz,289,Beverage,Sparkling Water,,All,
Chobani Greek Yogurt - Peach 5.3 oz. Cup,289,Food,Yogurt,,All,
Huckleberry Licorice,287,Food,Snack,Candy,All,
Chobani Greek Yogurt - Vanilla,286,Food,Yogurt,,All,
Chai Latte - 12oz HOT,286,Beverage,Coffee,,All,
Butterfinger Bar,284,Food,Snack,Candy,All,
Keebler Crackers - Cheese & Cheddar,284,Food,Snack,Crackers,All,
M&M - Plain 1.69oz,284,Food,Snack,Candy,All,
Bubblr Pitaya Berry Nectr 12oz,283,Beverage,Sparkling Water,,All,
CHEEZ-IT - Original,281,Food,Snack,Crackers,All,
Sabra Hummus & Pretzel - Original,276,Food,Snack,Pretzels,All,
Glaceau Vitamin Water XXX Acai Blueberry Pomegrana,271,Beverage,Vitamin Water,,All,
Fritos Flavor Twists Honey BBQ 2oz.,271,Food,Snack,Chips,All,
Grand Teton Animal Cookies - Vanilla 2oz. Box,267,Food,Snack,Cookie,All,
Pulled Pork Burger,266,Food,Burger,Pork,Lunch,
Funyuns original 1 1/4oz.,264,Food,Snack,Chips,All,
Monster Energy - Ultra Sunrize,262,Beverage,Energy Drink,,All,
Cheetos Crunchy Cheese Flavored Snacks,260,Food,Snack,Chips,All,
Jackson Hole Cowboy Chocolate Bar,259,Food,Snack,Chocolate,All,
vitamin water zero shine strawberry lemonade,259,Beverage,Vitamin Water,,All,
Creminelli - Sopressata Salami w/ Monterey Jack Ch,256,Food,Snack,Salami,Lunch,
JH Locale Socks,251,Cloths,Apparel,Socks,All,
Naked Juice - Strawberry Banana 15.2 oz.,251,Beverage,Juice,,All,
Keebler Crackers - Toast & Peanut Butter,250,Food,Snack,Crackers,All,
Chobani Greek Yogurt - Blueberry 5.3 oz. Cup,247,Food,Yogurt,,All,
Dots Homestyle Pretzels - Original 2.5oz,246,Food,Snack,Pretzels,All,
sandwich,246,Food,Sandwich,,Breakfast/Lunch,
Cheetos Puffs 1 3/8oz,244,Food,Snack,Chips,All,
drink,244,Beverage,,,,
Vitamin Water - Focus,244,Beverage,Vitamin Water,,All,
Sun Chips Original Whole Grain,244,Food,Snack,Chips,All,
Sun Chips Original Whole Grain 1.5oz.,244,Food,Snack,Chips,All,
Creminelli - Genoa Salami w/ Provolone Cheese & Cr,243,Food,Snack,Salami,Lunch,
Chobani Greek Yogurt - Vanilla 5.3 oz. Cup,241,Food,Yogurt,,All,
Powerade - Fruit Punch Zero Sugar,239,Beverage,Sports Drink,,All,
Chefs Line Chocolate Banana Swirled Loaf Cake,239,Food,Desert,Cake,All,
Gold Peak - Sweet Tea,239,Beverage,Tea,,All,
Kate’s Real Food Dark Chocolate Cherry Almond,239,Food,Snack,Bar,All,
Glaceau Vitamin Water Power-C Dragonfruit 20oz,239,Beverage,Vitamin Water,,All,
soda,235,Beverage,Soda,,All,
Naked Juice - Blue Machine 15.2 oz.,234,Beverage,Juice,,All,
Fanta Orange,233,Beverage,Soft Drink,,All,
Twix,233,Food,Snack,Candy,All,
Smart Water - 1L Bottle,231,Beverage,Water,,All,
GoGo SqueeZ Applesauce Apple 3.2oz.,231,Food,Fruit,,All,
Hersheys Milk Chocolate,229,Food,Snack,Chocolate,All,
Jackson Hole Smores Bar,228,Food,Snack,Chocolate,All,
Sabra - Breakfast Avocado Toast 2.7oz.,228,Food,Snack,Toast,Breakfast,
Americano 16oz - HOT,228,Beverage,Coffee,,All,
Buffalo Jerky Bag,225,Cloths,Bags,,All,
Planters - Salted Cashews,223,Food,Snack,Nuts,All,
Simply OJ,222,Beverage,Juice,,All,
Trident Cinnamon Sugar Free Gum 14 pcs,218,Food,Snack,Gum,All,
Vegetarian Burrito,216,Food,Rolls,,Lunch,
GTMT POP,216,,,,,
Miss Vickies Jalapeno Chips,215,Food,Snack,Chips,All,
Elk Jerky Bag,214,Cloths,Bags,,All,
Fall Harvest Salad,214,Food,Salad,,All,
Miss Vickies Sea Salt,213,Food,Snack,Chips,All,
Swoffle Caramel,212,Food,Snack,Waffle,All,
SkinnyPop - Original Popcorn 0.5oz,212,Food,Snack,Popcorn,All,
Huckleberry Chapstick,211,Personal care,Chapstick,,All,
Welchs Tropical Drink Juice orange pineapple,211,Beverage,Juice,,All,
Jedediahs - Ham Ciabatta,209,Food,Sandwich,Ham,Lunch,
Fritos Original,209,Food,Snack,Chips,All,
Adult Short Sleeve,208,Cloths,Apparel,Shirt,All,
Moodibars - tired,208,Food,Snack,Bar,All,
Side of Meat,207,Food,Meat,,Breakfast,
Naked Juice - Green Machine 15.2 oz.,206,Beverage,Juice,,All,
M&M - Peanut 1.74oz,206,Food,Snack,Candy,All,
Smart Water - Alkaline,206,Beverage,Water,Alkaline,All,
Bagel,204,Food,Bread,,Breakfast,
Classic Kosher Dill Pickle Pack SuckerPunch Giurme,204,Food,Snack,Pickle,All,
Travel size Kleenex,204,Personal care,Tissues,,All,
Orbit Gum - Peppermint,203,Food,Snack,Gum,All,
San Pellegrino Sparkling Natural Mineral Water 16.,202,Beverage,Sparkling Water,,All,
Canada Dry - Ginger Ale 12oz,202,Beverage,Soda,,All,
Halls Honey Lemon,200,Medicine,Medicine,Cough Drops,All,
Pop Tarts Frosted Strawberry,200,Food,Desert,Pastries,All,
Natures Bakery Fig Bar - Blueberry 2oz.,199,Food,Snack,Bar,All,
sand,199,Food,Sandwich,,Breakfast/Lunch,
Emp Bottle Soda,199,Beverage,Soda,,All,
Welchs Tropical Drink Juice Grape,198,Beverage,Juice,,All,
x,198,,,,,
Minute Maid - Apple,197,Beverage,Juice,,All,
Side of Potatoes,196,Food,,,,
burrito,194,Food,Rolls,,All,
Easy Eggs Hard Boil Eggs,190,Food,,Egg,Breakfast,
Cappuccino 16oz - HOT,187,Beverage,Coffee,,All,
Welchs Tropical Drink Juice Apple,185,Beverage,Juice,,All,
Sun Chips Garden Salsa,185,Food,Snack,Chips,All,
Fritos Original 1oz. Bag,183,Food,Snack,Chips,All,
Planters Salted Peanuts,182,Food,Snack,Nuts,All,
Jedediahs - Southwest Chicken Salad Wrap,181,Food,Wrap,Chicken,Lunch,
Flavored Latte 12oz - ICED,181,Beverage,Cold Coffee,,All,
Emp Coffee/Fountain,181,Beverage,Coffee,,All,
GoGo SqueeZ Applesauce GIMME FIVE 3.2oz.,180,Food,Fruit,,All,
Nutrigrain - Blueberry,178,Food,Snack,Bar,All,
Milky Way Bar,176,Food,Snack,Candy,All,
Chai Latte - 16oz HOT,176,Beverage,Coffee,,All,
Chefs Line - Iced Lemon Cake 4oz.,175,Food,Desert,Cake,All,
Jackson Hole Wild Huckleberry Honey 12oz.,175,Food,Honey,,All,
Doritos Cool Ranch,174,Food,Snack,Chips,All,
Go-Gurt Low-Fat Yogurt,174,Food,Yogurt,,All,
Original Beef Jerky,173,Food,Snack,Beef,All,
GoGo SqueeZ Applesauce Cinnamon 3.2oz.,169,Food,Fruit,,All,
Planters - Honey Roasted,169,Food,Snack,Nuts,All,
Monster Energy,168,Beverage,Energy Drink,,All,
r,167,,,,,
Flavored Latte 16oz - ICED,166,Beverage,Cold Coffee,,All,
Minute Maid - Orange Juice,165,Beverage,Juice,,All,
Swoffle - French Vanilla,163,Food,Snack,Waffle,All,
Kates Peanut Butter Hemp & Flax,161,Food,Snack,Bar,All,
Jalapeno,159,Food,Vegetable,Peppers,All,
Kates Lemon Coconut,158,Food,Snack,Bar,All,
Cheetos - Crunchy,158,Food,Snack,Chips,All,
Naked Juice Mighty Mango,158,Beverage,Juice,,All,
Nutrigrain - Strawberry,157,Food,Snack,Bar,All,
Skittles - Original 2.17 oz.,157,Food,Snack,Candy,All,
Cereal Cup - Honey Nut Cheerios,156,Food,Cereal,Honey & Nut,Breakfast,
Gatorade - Thirst Quencher - Orange 20oz,156,Beverage,Sports Drink,,All,
Smart Water,154,Beverage,Water,,All,
Kates - OATMEAL CRANBERRY & ALMOND 2.2oz,154,Food,Snack,Bar,All,
Silk Almond - Dark Chocolate,153,Beverage,Milk,Healthy,All,
pop,153,Beverage,Soda,,All,
Energy 2 - Reign,152,Beverage,Energy Drink,,All,
Canada Dry - Ginger Ale 12oz.,152,Beverage,Soda,,All,
Black and Blueberry - Made with Almond Milk,152,Beverage,Smoothie,,All,
Emp Redbull\Monster,151,Beverage,Energy Drink,,All,
Wonderful Pistachios No Shells Roasted & Salted 0.,151,Beverage,Snack,Nuts,All,
3 Musketeers Candy Bar 1.92oz.,150,Food,Snack,Candy,All,
juice,150,Beverage,Juice,,All,
Latte 12oz - ICED,149,Beverage,Cold Coffee,,All,
Pop-Tarts - Frosted Brown Sugar Cinnamon 3.3oz.,148,Food,Desert,Pastries,All,
q,146,,,,,
Naked Juice - Mighty Mango 15.2 oz.,146,Beverage,Juice,,All,
Jackson Hole Moose Poop,146,Food,Snack,Candy,All,
Gold Peak Unsweetened Tea,146,Beverage,Tea,,All,
Orbit Sugar Free Spearmint Gum 14pc.,146,Food,Snack,Gum,All,
Advil Tablet,145,Medicine,Medicine,,All,
Tylenol Extra Strength,144,Medicine,Medicine,,All,
stickers,144,Home Decor,Sticker,,All,
Zero Lemon -Vitamin Water,144,Beverage,Vitamin Water,,All,
gatorade,144,Beverage,Sports Drink,,All,
Tropical Sunrise Mix,143,Food,Snack,Nuts,All,
Emp Casndy,143,Food,Snack,Candy,All,
Reeses 2 Peanut Butter Cups,143,Food,Snack,Candy,All,
Kates - WHITE CHOCOLATE MACADAMIA Bar 2.2oz,142,Food,Snack,Bar,All,
Vitamin Water - Rise,141,Beverage,Vitamin Water,,All,
SuckerPunch Gourmet Bread & Butter Pickle Chips,141,Food,Snack,Pickle,All,
Gatorade - Thirst Quencher - Lemon Lime 20oz.,140,Beverage,Sports Drink,,All,
Sun Chips - French Onion 1.5oz.,140,Food,Snack,Chips,All,
Nutella & Go - Hazelnut Spread and Breadsticks,139,Food,Snack,Syrup,All,
Grandmas - Oatmeal Raisin Cookies 2.5oz.,139,Food,Snack,Cookie,All,
Peppered Beef Jerky - Wyoming Gourmet,139,Food,Snack,Beef,All,
GoGo SqueeZ Applesauce Strawberry 3.2oz.,138,Food,Fruit,,All,
Grandmas Chocolate Chip Cookie,138,Food,Snack,Cookie,All,
Fiji Water,137,Beverage,Water,,All,
Dots Homestyle Pretzels - Honey Mustard 2.5oz,137,Food,Snack,Pretzels,All,
Cookies & Cream Ice Cream,137,Food,Desert,Ice cream,All,
Grand Teton Animal Cookies,137,Food,Snack,Cookie,All,
Gatorade - Thirst Quencher - Fruit Punch 20oz,137,Beverage,Sports Drink,,All,
Grandmas - Peanut Butter Cookies 2.5oz.,136,Food,Snack,Cookie,All,
Halls - Cherry 9drops,135,Medicine,Medicine,Cough drops,All,
Jedediahs - Chicken Quesadilla,134,Food,Quesadilla,Chicken,Lunch/Dinner,
Minute Maid Lemonade,134,Beverage,Juice,,All,
Roseli Mozzarella String Cheese 1oz.,134,Food,Snack,Cheese,All,
f,133,,,,,
Keebler Mini Fudge Stripe Cookie 2oz.,133,Food,Snack,Cookie,All,
Dots Homestyle Pretzels - Honey Mustard 2.5oz,133,Food,Snack,Pretzels,All,
Southwest Chicken Salad Wrap,133,Food,Wrap,Chicken,Lunch/Dinner,
t,132,,,,,
Jackson Hole Wild Huckleberry Syrup 10 oz.,132,Food,Snack,Syrup,All,
Topo Chico Sparkling Mineral Water 20 oz.,131,Beverage,Sparkling Water,,All,
Starburst Original,128,Food,Snack,Candy,All,
Americano 12oz - ICED,128,Beverage,Cold Coffee,,All,
3 Musketeers Bar,127,Food,Snack,Candy,All,
g,126,,,,,
Lays Barbecue,126,Food,Snack,Chips,All,
Egg salad everything on Bagel,126,Food,Sandwich,Egg,All,
Vitamin Water - Refresh,126,Beverage,Vitamin Water,,All,
Orbit Sugar Free Wintermint Gum 14pc.,125,Food,Snack,Gum,All,
Red Bull Sugar-Free Energy Drink 12 fl. oz.,125,Beverage,Energy Drink,,All,
Mursells Sweet Shop Jackson Hole,124,Food,Snack,Candy,All,
magnet,123,Home Decor,Magnet,,All,
popcorn,122,Food,Snack,Popcorn,All,
Body Armor Lyte -Orange Clementine,122,Beverage,Sports Drink,,All,
Sun Chips No artificial Flavors Garden Salsa,121,Food,Snack,Chips,All,
Cortado 12oz - HOT,121,Beverage,Coffee,,All,
Tums - Fruit Extra Strength750 8chewable tablets,120,Medicine,Medicine,,All,
All Greens - Made with Almond Milk,120,Beverage,Smoothie,,All,
Werthers Original Caramel Hard Candies-12ct roll,118,Food,Snack,Candy,All,
Lindt Lindor Truffles Dark Chocolate,118,Food,Snack,Dark Chocolate,All,
Devonshire Premium Belgian Chocolate Chip Waffle w,118,Food,Snack,Waffle,All,
Venison Jerky Bag,117,Food,Snack,Protien,All,
b,116,,,,,
Latte 16oz - ICED,115,Beverage,Cold Coffee,,All,
BUBBLR Twisted Elixr Antioxidant Sparkling Water,115,Beverage,Sparkling Water,,All,
Sunset Trail Mix,114,Food,Snack,Nuts,All,
Chefs Line Iced Pumpkin Swirl Loaf Cake,113,Food,Desert,Cake,All,
Dramamine Tablets 1 Dose 2 Tablets Single-pack,113,Medicine,Medicine,Motion Sickness,All,
Blueberry,112,,,,,
Chefs Line - Chocolate Banana Swirl Cake 4oz,112,Food,Desert,Cake,All,
Americano 16oz - ICED,112,Beverage,Cold Coffee,,All,
salad,111,Food,Salad,,Lunch/Dinner,
Chex Mix Bagel Chips,111,Food,Snack,Chips,All,
tea,111,Beverage,Tea,,All,
Cowboy Beef Bites,110,Food,Snack,Beef,All,
Dunkin Donuts - Original,110,Beverage,Coffee,,All,
Vitamin Water - Revive,110,Beverage,Vitamin Water,,All,
emp,110,,,,,
bar,110,,,,,
Planters Nuts & Chocolate Trail Mix,110,Food,Snack,,All,
Orbit Sugar Free Peppermint Gum 14pc.,109,Beverage,,Halthy,All,
Powerade - Grape,109,Beverage,Sports Drink,,All,
jerky,109,Food,Snack,,All,
Gatorade Frost Thirst Quencher - Frost Glacier Che,109,Beverage,Sports Drink,,All,
Dunkin Donuts - Mocha,108,Beverage,Coffee,,All,
Moodibars - chill,108,Food,Snack,,All,
Twizzlers,107,Food,Snack,Candy,All,
Welchs Apple Juice 10oz.,106,Food,Juice,Healthy,All,
Suckerpunch Gourmet Fiery Hot 3-Pepper Pickle Chip,106,Food,Condiments,Pickle,All,
Chocolate Brownie,106,Food,Desert,Brownie,All,
Jelly Belly - 20 Assorted Flavors 3.5oz. Bag,106,Food,Snack,Candy,All,
Gatorade Frost Thirst Quencher - Frost Glacier Fre,106,Beverage,Sports Drink,,All,
Orbit Sugar Free Peppermint Gum 14pc.,105,Food,Snack,Healthy,All,
Naked Juice - Mighty Mango,105,Beverage,Juice,,All,
shirt,104,Cloths,Shirt,,All,
Pure Leaf Unsweetened Iced Tea (16.9 oz),104,Beverage,Tea,Healthy,,
Fig Newtons,103,Food,Snack,,All,
Dunkin’ French Vanilla,103,Beverage,Coffee,,ALL,
Huckleberry Syrup,102,Food,,,Breakfast,
Naked Juice - Berry Blast,102,Beverage,Juice,,All,
Sour Jacks Sandwich,102,Food,Sandwich,,Breakfast,
Jelly Belly Sugar-Free Sours,102,Food,Jelly,Healthy,All,
Naked Juice - Red Machine,101,Beverage,Juice,,All,
Sprite Zero Sugar,101,Beverage,Sprite,Healthy,,
Chefs Line Salted Caramel Chocolate Brownie,101,Food,Desert,,All,
Blue Pomegranate - AHA,101,Beverage,,,All,
m,100,,,,,
Miss Vickies - Kettle Jalapeno 1.375oz.,100,Food,Snack,,All,
Antioxidant Mix,100,Food,Fruit,Healthy,Breakfast/Lunch,
Blueberry Muffin,100,Food,Desert,,All,
Cheez Its,99,Food,Snack,Buiscuit,All,
Grandmas Cookie - Chocolate Chip 2.5oz,98,Food,Snack,Cookie,All,
Jedediah’s Charcuterieq,98,,,,,
Starbursts Original 2.67 oz. Stick Package,98,Food,Snack,Candy,All,
Bugles Original,98,Food,Snack,Chips,All,
Wonderful Pistachios No Shells Honey Roasted 0.75o,97,Food,Snack,Healthy,All,
`,97,,,,,
Huckleberry Taffy 8oz.,97,Food,Snack,Toffy,All,
Volpi Roltini Singles w/mozzarella & Uncurred Pepp,97,Food,Snack,Healthy,All,
Hot Chocolate 12oz,96,Beverage,Desert,,All,
Pure Leaf Real Brewed Tea Sweet Tea,96,Beverage,Tea,Healthy,All,
banana,96,Food,Fruit,Healthy,Breakfast,
Fairlife Core Power - Chocolate,95,Beverage,Energy Drink,,All,
Orbit Sugar Free Sweet Mint Gum 14pc.,95,Food,Snack,Healthy,All,
gummies,95,Food,Snack,Gummy,All,
Hersheys Special Dark,95,Food,Snack,Chocolate,All,
Jedediahs Club on Ciabatta,95,Food,Sandwich,,Lunch/Dinner,
turkey,94,Food,Meal,,Lunch/Dinner,
Kind Bar Peanut Butter Dark Chocolate 1.4oz.,94,Food,Snack,,All,
gator,93,,,,,
Silk - Almond Milk - Dark Chocolate 8 oz.,93,Beverage,,Healthy,All,
Huckleberry ProLive Bar,93,Food,Snack,Healthy,All,
Wonderful Pistachios No Shells Chili Roasted 0.75o,93,Food,Snack,,All,
Jedediahs Just Because - Monster Cookie,92,Food,Snack,Cookie,All,
Chefs Line Cinnamon Coffee Cake,92,Food,Desert,Cake,All,
Cliff Bar Crunchy Peanut Butter,92,Food,Snack,,All,
Moisterizer Chapstick Blister Card,91,Personal Care,Lip bam,,All,
Glaceau Vitamin Water Energy Tropical Citrus 20oz,91,Beverage,Juice,Healthy,All,
Jelly Belly - Sours 3.5oz. Bag,91,Food,Jelly,,All,
Chef Salad,91,Food,Salad,Special,Lunch/Dinner,
Jackson Hole Wild Huckleberry Honey,90,Food,Honey,,All,
Original Pringles,88,Food,Snack,Chips,All,
Powerade Fruit Punch - 8 Pack Bottles,88,Beverage,Drink,,All,
Candy Club - Blush Bears,87,Food,Snack,Desert,,
Wishpet small,86,Toys,,,All,
Gatorade Frost Thirst Quencher - Frost Arctic Blit,85,Beverage,Energy Drink,,All,
Monster Energy - Ultra Violet,85,Beverage,Energy Drink,,All,
danish,84,Food,Pastry,,Breakfast,
Chocolate Ice Cream,84,Food,Desert,Ice Cream,All,
Moodibars - grumpy,84,Food,Snack,,All,
Winter Citrus Immunity Blend,84,Beverage,Juice,Healthy,All,
Emp Crackers,84,Food,Snack,,All,
choc,84,,,,,
espresso,83,,,,,
cookies,83,,,,,
pastry,83,Food,Pastry,,Breakfast,
Newspaper,83,Medicine,Magazine,,All,
Jackson Hole Chip Company - Jalapeno Cheddar 3.8oz,82,Food,Snack,Chips,All,
Gold Peak - Green Tea,82,Beverage,Tea,Healthy,,
Proud Source Spring Water,82,Beverage,Water,,,
Emp Smart Water,82,Beverage,Water,,,
Mylk Labs Granny Smith Apple & Sunflower Cinnamon,82,Food,Snack,Nuts,All,
Cliff Bar Cool Mint Chocolate,81,Food,Snack,Nuts,All,
M&M - M&Ms Milk Chocolate Candies - Mars Chocolat,81,Food,Snack,Candy,All,
Jelly Belly - Kids Mix 3.5oz. Bag,81,Food,Snack,Candy,All,
yogurt,81,Food,Yogurt,,All,
Fig Newton,81,Food,Snack,Cookie,All,
Red Bull,81,Beverage,Energy Drink,,All,
good2grow 100% Fruit Punch,80,Beverage,Kids Drink,,All,
Monster Energy Ultra Blue,80,Beverage,Energy Drink,Healthy,All,
Holly Sage - Magnet,80,Home Decor,Magnet,,,
Super Coffee Caramel Latte,80,Beverage,Coffee,,All,
Chex Mix - Bold Party Blend,80,Food,Snack,,All,
Monster Energy - Ultra Sunrise 16oz.,80,Beverage,Energy Drink,,All,
Ricola Original,80,Medicine,Cough,Herbal,All,
Monster Energy - Zero Ultra 16 oz. Can,80,Beverage,Energy Drink,,All,
US Weekly Magazine 10 Sep 2018 Meghan Markle and Q,79,Medicine,Magazine,,All,
Emp Choc C Cookie,79,Food,Snack,Cookie,All,
Moodibars - hopeful,79,Food,Snack,Chocolate,All,
Holly Sage - Sticker,79,Home Decor,Sticker,,All,
Jackson Hole Wild Huckleberry Chocolate Bar,78,Food,Snack,Chocolate,All,
Devonshire Premium Belgian Chocolate Chip Waffle,78,Food,Snack,Waffle,Breakfast,
Honest Half Tea & Half Lemonade,78,Beverage,Tea,,All,
Nutella & Go,78,Food,Snack,Nuts & Butter,All,
hat,77,Cloths,Apparel,Hat,All,
Nutella & Go 1.8oz.,77,Food,Snack,Nuts & Butter,o,
Planters - Trail Mix Nut & Chocolate 1.7oz.,77,Food,Snack,Nuts & Chocolate,All,
Vita Coco Coconut Water 11.1oz,77,Beverage,Coconut Water,,All,
Fruit Bliss - Apricots 5oz.,76,Food,Snack,Dried Fruit,All,
Emp Coffee\Fountain,76,Beverage,Coffee,,All,
DAK Bar - bear,76,Food,Snack,Energy Bar,o,
Salted Caramel Ice Cream,75,Food,Desert,Ice Cream,All,
chip,75,Food,Snack,Chips,All,
Purple Power - Made with Almond Milk,75,Beverage,Smoothie,,All,
Orbit Gum - Sweet Mint,74,Food,Snack,Gum,All,
Naked Juice - Red Machine 15.2 oz.,74,Beverage,Juice,,All,
Jedediahs Just Because - Sourdough Chocolate Chip,74,Food,Snack,Cookie,All,
Jackson Hole Chip Company - Truffle Butter 3.8oz,73,Food,Snack,Chips,All,
Acid Relief,73,Medicine,Medicine,Antacid,All,
Chai Latte 16oz - ICED,73,Beverage,Coffee,,All,
dasani,73,Beverage,Water,,All,
Cherry Ginger Ale - 16oz,73,Beverage,Soft Drink,,All,
Bear Claw,73,Food,Desert,Pastries,All,
Natures Bakery Fig Bar - Raspberry 2oz.,72,Food,Snack,Bar,All,
Moodibars - excited,72,Food,Snack,Energy Bar,All,
Snickers- Candy Bar 1.86oz.,72,Food,Snack,Candy,All,
Otis Spunkmeyer Wild Blueberry Muffin 4oz.,71,Food,Snack,Muffin,All,
Purell Advanced Hand Sanitizer - 1oz,71,Medicine,Hand Sanitizer,Healthy,All,
Pop Corners - Kettle Corn,71,Food,Snack,Popcorn,All,
NGM Sticker,70,Home Decor,Sticker,,All,
muff,70,o,o,o,o,
Lindt Lindor Milk Chocolate,70,Food,Snack,Chocolate,All,
Kind Bar Cranberry Almond,69,Food,Snack,Energy Bar,All,
Planters Cashews,69,Food,Snack,Nuts,All,
Barqs Rootbeer,69,Beverage,Soft Drink,,All,
Lindt Lindor White Chocolate,69,Food,Snack,Chocolate,All,
Cream + Sugar Mini Ice Cream Cups - Mint Chocolate,68,Food,Desert,Ice Cream,All,
Pop-Tarts Frosted Strawberry 3.3oz,68,Food,Snack,Pastries,All,
Jelly Belly - Soda Pop Shoppe 3.5oz. Bag,68,Food,Snack,Candy,All,
$,68,o,o,o,o,
Jackson Hole Chip Company - Salt & Vinegar,68,Food,Snack,Chips,All,
Cereal Cup - Cinnamon Toast Crunch,67,Food,Snack,Cereal,All,
cupcake,67,Food,Desert,Cake,All,
Corn Nuts - Original,67,Food,Snack,Corn & Nuts,All,
Graham Crackers,67,Food,Snack,Crackers,All,
Oh Snap! Dilly Bites 3.25oz,67,Food,Snack,Pickle,All,
Jedediahs Just Because - Gummy Grizzlies (9 oz),66,Food,Snack,Candy,All,
Red Bull Sugar Free,66,Beverage,Energy Drink,,All,
Macchiato 12oz - HOT,66,Beverage,Coffee,,All,
SkinnyPop - White Cheddar Popcorn 0.5oz.,65,Food,Snack,Popcorn,All,
Corn Nuts - Chile Picante,65,Food,Snack,Corn & Nuts,All,
Turtles - Original Pecan,65,Food,Snack,Candy,All,
Mint Chocolate Chip Ice Cream,65,Food,Desert,Ice Cream,All,
Kates Real Foods - Oatmeal Cranberry & Almond,65,Food,Snack,Energy Bar,All,
M&M Peanut,65,Food,Snack,Candy,All,
Chai Latte 12oz - ICED,65,Beverage,Tea,,All,
Moody Bars - Whatever - Dark Chocolate Sea Salt 1.,65,Food,Snack,Chocolate,All,
Jackson Hole Chip Company - BBQ 3.8oz,65,Food,Snack,Chips,All,
Silk Almond - Vanilla,65,Beverage,Milk,,All,
Cereal Cup - Lucky Charms,64,Food,Snack,Cereal,Breakfast,
Moody Bars - Cool - Dark Chocolate Mint Cream Fill,64,Food,Snack,Chocolate,All,
Ritz Handi Snacks,64,Food,Snack,Crackers,All,
Hersheys Milk Chocolate with Almonds Bar 1.45oz,64,Food,Snack,Chocolate,All,
Oreos- 6 Count,64,Food,Snack,Cookie,All,
sm sticker,64,Home Decor,Sticker,,All,
Jelly Belly - Smoothie Blend 3.5oz. Bag,64,Food,Snack,Candy,All,
Orbit Gum - Spearmint,64,Food,Snack,Gum,All,
Southwest Chicken Wrap,64,Food,Wrap,Chicken,Lunch/Dinner,
Naked Juice - Blast Berry 15.2oz.,63,Beverage,Juice,,All,
Moodibars - winner,63,Food,Snack,Energy Bar,All,
Waldorf Chicken Salad Sandwiches,63,Food,Sandwich,Chicken,Lunch,
Peach Mango -Body Armour,63,Beverage,Sports Drink,,All,
Smart Water 23.7 fl oz (Pack of 6),62,Beverage,Water,,All,
Chex Mix - Traditional,62,Food,Snack,,All,
Hammonds - Mouth Watering Bite Sized Sour Chews 7,62,Food,Snack,Candy,All,
Moodibars - happy,62,Food,Snack,Energy Bar,All,
Advil Ibuprofen Tablets Single Dose Individual Pac,62,Medicine,Medicine,Pain Relief,All,
Ranch - Corn Nuts 1.7 oz,62,Food,Snack,Corn & Nuts,All,
Body Armor - Fruit Punch,62,Beverage,Sports Drink,,All,
Huckleberry Mix,62,Food,Snack,,All,
Dayquil Severe,62,Medicine,Medicine,Cold Medicine,All,
Orbit Gum - Wintermint,61,Food,Snack,Gum,All,
Pop-Tarts Frosted Cherry 3.3oz.,61,Food,Snack,Pastries,All,
Bacon and Egg Sandwich,61,Food,Sandwich,,Breakfast/Lunch,
Advil Tablets,61,Medicine,Medicine,Pain Relief,All,
Strawberry Pineapple,61,Beverage,Juice,,All,
Miss Vickies - Kettle Simple Sea Salt 1.375oz.,61,Food,Snack,Chips,All,
Moodibars - love,61,Food,Snack,Energy Bar,All,
Kind Bar Caramel Almond & Sea Salt,61,Food,Snack,Energy Bar,All,
Pop Tarts Brown Sugar and Cinnamon,60,Food,Snack,Pastries,Breakfast,
Fruit Bliss Tart Cherries,60,Food,Snack,Dried Fruit,All,
Sub Club,60,Food,Sandwich,,Lunch,
Mylk Labs Cultivated Blueberry & Vermont Maple,60,Food,Snack,,Breakfast,
Otis Spunkmeyer Banana Nut Muffin 4oz.,60,Food,Snack,Muffin,Breakfast,
The Chewy Fruit,60,Food,Snack,Dried Fruit,All,
Cherry Chapstick Blister Card,59,Personal Care,Lip Balm,,All,
nutella,59,Food,Snack,,All,
Moodibars - silly,59,Food,Snack,Energy Bar,All,
Jackson Hole Chip Company - Sea Salt 3.8oz,59,Food,Snack,Chips,All,
Nutella & Go 1.8oz,59,Food,Snack,Chocolate,All,
Pop-Tarts Frosted Blueberry 3.3oz,59,Food,Snack,Pastries,All,
Zantac 360,58,Medicine,Medicine,Antacid,All,
Pans Mushroom Jerky Teriyaki,58,Food,Snack,Mushroom Jerky,All,
Listerine Pocketpacks,58,Medicine,Oral-Care,,All,
Tylenol Cold & Flu -Sundries,58,Medicine,Medicine,Cold & Flu,All,
Excedrin,58,Medicine,Medicine,Pain Relief,All,
DayQuil -Sundries,58,Medicine,Medicine,Cold Medicine,All,
Moody Bar - Blah - Milk Chocolate Caramel Filled 1,57,Food,Snack,Energy Bar,All,
Prime Aid Stomach Relief,57,Medicine,Medicine,Stomach Relief,All,
Lime Watermelon - AHA,57,Beverage,Flavoured Water,,All,
monster,57,Beverage,Energy Drink,,All,
jam,57,Food,Condiment,Jam,All,
snacks,56,Food,Snack,,All,
Tums Extra Strength 750,56,Medicine,Medicine,Antacid,All,
Miss Vickies - Kettle BBQ Smokehouse 1.375oz.,56,Food,Snack,Chips,All,
card,56,Home Decor,Card,,All,
gum,56,Food,Snack,Gum,All,
hi ball Wild Berry,56,Beverage,Sparkling Water,,All,
Monster Energy - Ultra Paradise,56,Beverage,Energy Drink,,All,
Fairlife Core Power - Vanilla,56,Beverage,Protein Drink,,All,
Claritin,56,Medicine,Medicine,Allergy Relief,All,
Natures Garden Omega-3 Deluxe Mix 1.2oz.,56,Food,Snack,,All,
KitKat Dark,56,Food,Snack,Dark Chocolate,All,
Mounds Bar,56,Food,Snack,Candy,All,
Body Armor Lyte - Strawberry Lemonade,55,Beverage,Sports Drink,,All,
#,55,,,,,
Extra Strength Tylenol,55,Medicine,Medicine,Pain Relief,All,
Kind Protein Bar Crunchy Peanut Butter,55,Food,Snack,Bar,All,
magazine,55,Reading,Magazine,,All,
Grandmas Mini Sandwich Cremes Vanilla Cookies,55,Food,Snack,Cookie,All,
Planters Honey Roasted Peanuts,55,Food,Snack,Nuts,All,
TGT - MAGNET,55,Home Decor,Magnet,,All,
Miss Vickies - Kettle Sea Salt & Vinegar 1.375oz.,54,Food,Snack,Chips,All,
Humble Brew - Regulation,54,Beverage,Coffee,,All,
Humble Brew - Cinnamon,54,Beverage,Coffee,,All,
Macchiato 16oz - HOT,54,Beverage,Coffee,,All,
Grandmas Chocolate Brownie,54,Food,Desert,Brownie,All,
Natures Garden Cranberry Health Mix 1.2oz.,54,Food,Snack,,All,
fiji,54,Beverage,Water,,All,
Rind Straw-Peary,54,Food,Snack,Dried Fruit,All,
Chex Muddy Buddies PB and Chocolate,54,Food,Snack,Chocolate,All,
Heart Healthy Trail Mix,53,Food,Snack,Healthy,All,
Awake Caffeinated Chocolate Energy Bites (Milk Cho,53,Food,Snack,Chocolate,All,
LifeSavers - 5 Flavors 1.14 oz.,53,Food,Snack,Candy,All,
Second Nature Wholesome Medley,53,Food,Snack,,All,
Hersheys Milk Chocolate Bar 1.55oz.,53,Food,Snack,Chocolate,All,
Ham Breakfast Sandwich,53,Food,Sandwich,Ham,Breakfast,
Pans Mushroom Jerky - Zesty Thai 2.2oz.,53,Food,Snack,Jerky,All,
Swoffle - Dark Chocolate,52,Food,Snack,Dark Chocolate,All,
Proud Source Spring Water Sparkling,52,Beverage,Sparkling Water,,All,